{"cameraMode":{"drawMode":0,"name":"Shaded","section":"Shading Mode"},"sceneLighting":true,"audioPlay":false,"sceneViewState":{"showFog":true,"showMaterialUpdate":false,"showSkybox":true,"showFlares":true,"showImageEffects":true,"showParticleSystems":true},"in2DMode":false,"pivot":{"x":1.930211067199707,"y":5.260201454162598,"z":6.383197784423828},"rotation":{"x":0.0128164142370224,"y":-0.31406334042549136,"z":-0.004240113310515881,"w":-0.949306070804596},"size":26.639047622680665,"orthographic":false}