{"cameraMode":{"drawMode":0,"name":"Shaded","section":"Shading Mode"},"sceneLighting":true,"audioPlay":false,"sceneViewState":{"showFog":true,"showMaterialUpdate":false,"showSkybox":true,"showFlares":true,"showImageEffects":true,"showParticleSystems":true},"in2DMode":false,"pivot":{"x":-10.78181266784668,"y":0.0,"z":24.099231719970704},"rotation":{"x":0.11364560574293137,"y":-0.04320400953292847,"z":0.004946705885231495,"w":0.9925692081451416},"size":5.111883163452148,"orthographic":true}