{"cameraMode":{"drawMode":0,"name":"Shaded","section":"Shading Mode"},"sceneLighting":true,"audioPlay":false,"sceneViewState":{"showFog":true,"showMaterialUpdate":false,"showSkybox":true,"showFlares":true,"showImageEffects":true,"showParticleSystems":true},"in2DMode":false,"pivot":{"x":6.9974470138549809,"y":6.243825912475586,"z":9.839193344116211},"rotation":{"x":-0.054908767342567447,"y":0.9298369288444519,"z":-0.155126690864563,"w":-0.329126238822937},"size":1.4863574504852296,"orthographic":false}